0,Arafat #39;s condition improves An aide to Yasser Arafat said yesterday that the Palestinian leader #39;s condition was improving after treatment by doctors in Paris.
0,"Head of UN nuclear watchdog arrives in South Korea SEOUL, South Korea The head of the UN nuclear watchdog says although the nuclear experiments South Korea performed years ago were small, his agency needs to make sure they don #39;t happen again."
0,Downer to begin nuclear talks FOREIGN Minister Alexander Downer will today begin talks with North Korean officials to try to convince the communist state to drop its nuclear weapons program. 
1,UN to Increase Its Staff in Iraq for Elections The United Nations announced Wednesday that it was expanding its presence in Iraq outside Baghdad to the cities of Erbil in the Kurdish north and Basra in the south 
1,Southern Africa: Zim Election Group Welcomes SADC Guidelines The Zimbabwe Elections Support Network (ZESN) has welcomed the adoption of guidelines for holding democratic elections at the Southern African Development Community (SADC) summit in Mauritius this week. 
1,"AFGHAN OPIUM GROWING UP TWO THIRDS Opium cultivation in Afghanistan leapt by two-thirds this year, according to a new UN report that warns the countrys economy could be forced to rely on poppy growing largely wiped out under the hardline Taliban militia."
0,"Philippine Flood Toll Hits 29, Survivors Hunt Rats Philippine rescue teams evacuated thousands of people from the worst flooding in the central Luzon region since the 1970s as hungry victims hunted rats and birds for food."
0,Italian hostages released There was widespread rejoicing on Tuesday night in Italy at the release of two Italian female aid workers who had been held hostage in Iraq.
1,"India tests missile before talks India test-launched an Agni II surface-to-surface missile capable of carrying nuclear weapons yesterday. The trial, on the testing range on Wheeler Island off eastern Orissa state, was the third trial of the "
1,"Militants reportedly promise to free kidnapped Western journalist Garen BAGHDAD, Iraq (AP) A top aide to firebrand Shiite cleric Muqtada al-Sadr, who appealed to kidnappers to free a Western journalist, said Friday they had promised to release him. "
0,"At least four Georgian soldiers killed in separatist region clashes (AFP) AFP - At least four Georgian soldiers were killed and five wounded in overnight clashes in Georgia's separatist, pro-Russian region of South Ossetia, Georgian officers near the frontline with Ossetian forces said early Thursday."
0,"Powerful drug kingpin extradited to US Drug kingpin Gilberto Rodriguez Orejuela, wearing handcuffs and a bulletproof vest, flew late Friday aboard US government plane for trial in the United States, becoming the most powerful Colombian trafficker to ever be extradited "
1,"Pentagon Restores Voting Web Site Access (AP) AP - The Pentagon has restored access to a Web site that assists soldiers and other Americans living overseas in voting, after receiving complaints that its security measures were preventing legitimate voters from using it."
0,"Chilean judge charges Pinochet Chile's former President Augusto Pinochet is charged with murder and kidnapping, but his house arrest is lifted."
0,"Jazeera: Iraq Militants Kill Two Macedonia Hostages A militant group in Iraq said it had killed two Macedonian hostages it accused of spying for the United States, Arabic television Al Jazeera reported Monday."
1,"Official: Yukos Sale Won't Impact Output (AP) AP - The planned sale of oil giant Yukos' main pumping unit to pay off the parent company's back taxes won't affect production, Russia's energy minister was quoted Tuesday in news reports."
0,"A Look at U.S. Military Deaths in Iraq (AP) AP - As of Monday, Aug. 16, 935 U.S. service members have died since the beginning of military operations in Iraq in March 2003, according to the Defense Department. Of those, 697 died as a result of hostile action and 238 died of non-hostile causes."
0,"Strong quake rocks north-east Taiwan A strong earthquake in the Pacific Ocean off Taiwan has rocked the island #39;s north-east, damaging buildings and injuring several people, according to officials."
0,"Blair pledges over Bigley captors Tony Blair says the government would respond ""immediately"" if Ken Bigley's captors make contact."
0,"Power failure hits Bahrain A total power blackout has hit Bahrain, leaving the entire country without electricity and air conditioning at a time when temperatures have risen above 50C."
1,"Death Toll Varies in Blast at Sinai Resort TABA, Egypt - A car bomb and a suicide bomber tore through a resort hotel in Egypt's Sinai Peninsula where Israelis were vacationing at the end of a Jewish holiday Thursday night. Estimates of the death toll ranged from 19 to about 60..."
1,"Qureia condemns Tel Aviv attack Palestinian Prime Minister Ahmed Qureia denounced Monday #39;s suicide attack in Tel Aviv, dismissing fears it might endanger Yasser Arafat #39;s return to Ramallah."
0,"Afghan Blast Has Alarming Implications  NAIK NAM, Afghanistan -- Saher Gul was chalking a long division lesson on the blackboard of his two-room village school. Twenty-five boys, ages 9 to 19, were sitting cross-legged on the dirt floor. Suddenly the earthen walls and ceiling exploded and collapsed, smothering the class in a mountain of rubble."
0,Leader Offers Fresh Election For Ukrainians Government unity seemed to crumble as the president proposed a new election and the Supreme Court heard complaints of fraud.
0,Lawmakers seek to mandate Dutch-trained Muslim clerics THE HAGUE -- The Dutch parliament asked the government yesterday to draft legislation compelling mosques to employ only imams who have studied Islamic religion in the Netherlands.
1,Impotence Rules in the UN Response Rarely has the impotence of the international community #39;s response to the crisis in Sudan #39;s Darfur province been so exposed as during the past week.
0,More BA flights cancelled British Airways passengers at Heathrow Airport have suffered further travel disruption with two more flights cancelled due to  quot;technical quot; problems.
0,"UN agency agrees to police Iranian enrichment freeze as US voices &lt;b&gt;...&lt;/b&gt; VIENNA, Austria - The UN nuclear agency agreed on ways to police Irans suspension of some nuclear programs, but a US official said Washington might still try to take the case to the Security Council."
0,"Voters May Change Calif., Wash. Primaries (AP) AP - In a testament to the independent streak of Western voters, Washington and California are considering dumping political party primaries."
0,"John Kerry Explains War Funding Vote (AP) AP - On the eve of a foreign policy debate with President Bush, Democratic presidential candidate John Kerry said in an interview that his explanation of why he voted in favor of additional funding for the war in Iraq before voting against it was ""one of those inarticulate moments"" in the campaign."
1,"Mount St. Helens Releasing Steam After Days of Quakes After a week of gentle rumblings, Mount St. Helens broke open today with a small eruption shortly after noon Pacific time, tossing up a plume of ash and smoke."
0,"Armed militia raises concern for refugees returning to Darfur (Canadian Press) Canadian Press - GENEINA, Sudan (CP) - Armed militiamen surged into a western border area where some Darfur refugees attempted to return to their raided village, United Nations security officials said Sunday, raising further concern about how quickly 1.4 million displaced Sudanese could return home safely."
1,"Blair Delivers Crucial Party Speech Under Iraq Cloud  BRIGHTON, England (Reuters) - Britain's Tony Blair faces  one of the trickiest speeches of his career on Tuesday, seeking  to win back his Labour Party after rifts over Iraq and spell  out new policies to set up next year's re-election bid."
0,"Indian PM Singh: Peace Talks With Pakistan Making Progress Indian Prime Minister Manmohan Singh says his nation is working toward a  quot;mutually acceptable solution quot; to all outstanding issues with Pakistan, including disputed Kashmir."
1,"Turkey Says EU 'Homework Done,' Green Light Ahead  BERLIN (Reuters) - Turkey declared that it had fulfilled  all the political criteria for membership talks with the  European Union on Sunday, three days before a recommendation  from the EU's executive that will give Ankara a green light."
1,"Colombia destroys stockpiled land mines COLOMBIA: In eight thunderous explosions, Colombia blew up its remaining 6,800 stockpiled land mines, winning the praise of Jordans visiting Queen Noor who said the move took courage given that the nation is still fighting an internal conflict."
0,"Surviving Haitians pray for 1,500 killed by Jeanne; more The general in charge of UN peacekeepers in Haiti is critical of the slow pace of aid getting to hungry and sick residents, many left homeless by flooding."
0,"SWAPO Declared Winner in Namibia Election Namibia #39;s ruling SWAPO party scored an overwhelming victory in official election results on Sunday, bolstering the former guerrilla movement as it grapples with sensitive issues such as land reform."
0,Russia 'impeded media' in Beslan The OSCE condemns Russia's handling of the media during the bloody Beslan school siege.
0,"US hostage wife pleads for mercy BBC, London, September 19: The wife of an American taken hostage with two others in Baghdad has appealed on television for their release."
0,"Chechen charged over siege RUSSIAN prosecutors charged a Chechen man with terrorism and murder in connection with the deadly hostage-taking at a school in southern Russia, the Interfax news agency reported today."
2,"Car Bombs Kill 24, Wound Over 100 in Iraq (AP) AP - Insurgents unleashed a pair of powerful car bombs Monday near the symbol of U.S. authority in Iraq  #151; the Green Zone, where the U.S. Embassy and key government offices are located  #151; and hotels occupied by hundreds of foreigners. Two other explosions brought the day's bombing toll to at least 24 dead and more than 100 wounded."
0,"Egyptians Test Waters in Anticipation of Reform Mubarak's government tolerates registered opposition groups, but many unofficial organizations have begun operating since the late 1990s."
1,"Bush, Kerry Tentatively OK Three Debates NEW YORK - The campaigns of President Bush and Sen. John Kerry tentatively have agreed to a series of three debates that both sides hope will give them momentum in the closing weeks of the presidential election campaign, a person familiar with the debate negotiations said Sunday night..."
0,"Gaza militants seize government building GAZA CITY, Gaza Strip -- Palestinian gunmen seized the governor #39;s office in a southern city on Sunday, demanding aid for families left homeless by an Israeli military operation, witnesses said."
0,Abu Hamza in court Radical Muslim cleric Abu Hamza al-Masri has appeared via video-link at the Old Bailey on charges of stirring up racial hatred and urging murder of non-believers.
0,"G7 states to write off \$33 billion Iraqi debt BERLIN: The United States, Germany and other G7 nations agreed yesterday to write off up to 80 per cent or \$33 billion of Iraq #39;s Paris Club debt, which could pave the way for a wider international accord, officials said."
1,"Report: S.Korea Says U.S. to Delay Troops (AP) AP - The United States has agreed to delay the planned withdrawal of 12,500 troops from South Korea by three years to 2008, a news agency reported Wednesday."
1,"India Suggests Greater Autonomy for Kashmir  NEW DELHI, Nov. 25 -- India said on Thursday that it could consider giving a large amount of autonomy to the disputed region of Kashmir to help make peace with Pakistan but was not willing to redraw its borders to settle a half-century of enmity."
0,China mine blast rescue stalled Carbon monoxide prevents rescuers from reaching 141 men trapped after a deadly mine blast in central China.
0,Pinochet's bad news birthday  Chile's ex-military ruler Augusto Pinochet marks his 89th birthday amid news that a judge has frozen more of his assets.
2,"U.S. Rolls Into Softball Gold-Medal Game ATHENS, Greece - Right now, the Americans aren't just a Dream Team - they're more like the Perfect Team. Lisa Fernandez pitched a three-hitter Sunday and Crystl Bustos drove in two runs as the Americans rolled to their eighth shutout in eight days, 5-0 over Australia, putting them into the gold-medal game against the Aussies..."
0,US PUSHES FORWARD ON PALESTINIAN VOTE US Secretary of State Colin Powell has arrived in Israel determined to press both Israeli and Palestinian leaders for a process to enable Palestinians to elect a successor to Yasser Arafat.
1,Wash. Governor's Race Forced Into Recount (AP) AP - The closest governor's race in Washington history was forced into a recount Wednesday as counties finished tallying the ballots and found only a few votes separating the candidates out of 2.8 million cast.
0,"Marines Welcome Arrival of British  #39;Black Watch #39; Regiment FORWARD OPERATING BASE KALSU, Iraq, Nov. 1, 2004 -- A British armored battle group of about 850 soldiers, led by the 1st Battalion of the Black Watch Regiment, has deployed from Basra, Iraq, to an area south "
0,"Gun battle erupts as Powell visits Haiti PORT-AU-PRINCE (AFP) - An intense gun battle broke out just outside Haiti #39;s presidential palace, injuring eight people as US Secretary of State Colin Powell met with interim government leaders, authorities said."
1,"Militants Behead Three in Afghan South - Official  SPIN BOLDAK, Afghanistan (Reuters) - Suspected Taliban  militants beheaded three Afghan soldiers in the troubled  southern province of Zabul over the weekend in the latest  pre-election violence, an official said Monday."
1,"The eternal circle of the Iraqi insurgency In all likelihood, US troops and the nascent Iraqi military will storm the rebel city of Fallujah in the very near future. The so-called  quot;City of Mosques quot; has been under sustained air assault "
1,"Kerry: 'We Can, We Must' Win Terror War (AP) AP - Democratic presidential candidate John Kerry says President Bush was wrong when he suggested that victory against terrorism might be impossible, declaring that he has a plan to defeat those who threaten the United States."
1,"Pakistan still supporting Kashmiri rebels: Indian Home Ministry (AFP) AFP - Pakistan continues to support Islamic insurgency in Kashmir and will use militant attacks to influence ongoing peace talks with rival India, India's Home Ministry said in its annual report."
0,"Election Commission Stops Vote Count As Opposition Protests Ukraine #39;s Central Election Commission has suspended vote counting from the 31 October presidential election. The opposition says that #39;s because a complete count would reveal that its leader, Viktor Yushchenko "
0,"Kashmir meeting dubbed friendly #39; Indian and Pakistani foreign ministers yesterday ended their first round of talks over Kashmir on a positive note, resolving to take forward the peace process, an official said."
1,"Hamas leader killed in Syria, official says A Hamas leader was killed Sunday when a car exploded in Damascus, Syria, an official of the Palestinian militant group told CNN. It was not clear whether the explosion that killed Izz al-Din al-Sheikh "
0,"Loreto pilgrimage concludes as Pope beatifies 3 Loreto, Sep. 06 (CWNews.com) - Pope John Paul II (bio - news) traveled to the Marian shrine at Loreto, Italy, on September 5, where he presided at the beatification of three members of Catholic Action."
0,"Militant Killed in Israeli Missile Strike-Witness  GAZA (Reuters) - An Israeli helicopter missile strike  killed a Palestinian militant and wounded two others in the  northern Gaza Strip on Saturday, witnesses said."
1,"At UN, Bush still finds his Iraq plan hard to sell UNITED NATIONS -- Despite an appearance at the United Nations that was friendlier and more optimistic than any of his previous speeches to the world body, President Bush still faces a skeptical crowd at the UN."
0,"Australia alert on Indonesia attack Australia warns that terrorists could be preparing an attack in Indonesia, possibly targeting a Hilton hotel."
1,"Parents to Read 9/11 Victims' Names NEW YORK - On the first anniversary of the Sept. 11 terrorist attacks, dignitaries, community leaders and relatives of victims stood at ground zero and gave voice to the names of the dead..."
0,"Plane Crashes in China With 47 Aboard BEIJING Nov 20, 2004 - A small passenger plane carrying 47 people crashed Sunday in northern China, and the government said there likely were no survivors."
1,"UN Releases Major Report on Reform, Global Threats  UNITED NATIONS (Reuters) - A blue ribbon panel released on  Tuesday a landmark report on global threats that insisted the  U.N. Security Council approve any ""preventive"" war, which was  not the case when the U.S. invaded Iraq."
1,"Swedes Burn Candles in Memory of Tsunami Dead  STOCKHOLM (Reuters) - Candles burned in many windows across  Sweden on Sunday in memory of the victims of Asia's deadly  tsunami, as the government offered its distraught population  hope by cutting the number of missing by one-fifth."
1,"4 U.S. Marines Killed in Iraq Incidents NAJAF, Iraq - Four U.S. Marines assigned to the 1st Marine Expeditionary Force have been killed in separate incidents in Iraq's volatile Anbar province, the military announced Sunday..."
0,Backgrounder: Leading candidates in Afghan election Following are brief profiles of the leading candidates in Afghanistan #39;s first direct presidential election to be held on Saturday.
1,Arson eyed at Dutch mosque THE HAGUE -- A mosque in the Netherlands' southeast was destroyed by fire yesterday in what seemed to be the latest suspected attack against an Islamic site since the killing of a Dutch filmmaker critical of Islamic fundamentalism.
0,"UN appeals for release of workers in Afghanistan The United Nations again appealed for the safe return of three of its workers held hostage in Afghanistan on Thursday, three weeks after they were snatched from their car on a busy street in central Kabul."
1,"Iran October Surprise  quot;We categorically deny any nuclear-related testing at Parchin. quot; Hossein Mousavian, Iranian delegate to IAEA.  quot;A prominent international expert said on Wednesday that new satellite images showed "
0,Saudi policeman dies in shoot-out A Saudi security officer is killed during a shootout with suspected al Qaeda militants north of Riyadh.
0,"Tourism in Egypt declines since attacks SHARM EL-SHEIKH - The number of tourists visiting Egypt has fallen by just under 5 since the deadly car bomb attacks on Red Sea resorts last month, the deputy tourism minister said."
1,"Israel Ends Deadly Gaza Offensive (AP) AP - Palestinians retrieved belongings from the rubble of dozens of homes and work crews patched up roads and water pipes Saturday  #151; the aftermath of Israel's 17-day military offensive, the deadliest in the Gaza Strip in four years of fighting."
0,Thousands flock for glimpse of new Cambodian king as coronation &lt;b&gt;...&lt;/b&gt; PHNOM PENH : Thousands of Cambodians flocked to the royal palace to catch a glimpse of new King Norodom Sihamoni as his formal coronation period ended with the extinguishing of a candle.
0,"Labour Party retains Hartlepool Labour wins the Hartlepool by-election with a reduced majority, as the Conservatives are beaten into fourth place."
0,"Top Hamas Militant Killed in Israeli Missile Strike  GAZA (Reuters) - A senior leader of Hamas's military wing  was killed in an Israeli missile strike on his car in the Gaza  Strip, Palestinian witnesses said."
1,"S.Korea,Japan Urge North to Resume Nuclear Talks (Reuters) Reuters - Leaders of Japan and South Korea\jointly urged North Korea on Friday to return to talks aimed at\ending its nuclear weapons program and agreed imposing economic\sanctions now on Pyongyang would thwart such efforts."
0,attack on BSF camp in JK; 1 jawan killed SRINAGAR: One militant and a jawan were killed and three security personnel injured when terrorists made an abortive bid to storm a BSF camp at Sopore in Baramullah district of Jammu and Kashmir in the wee hours on Saturday.
1,"Iran, Iraq want to bury the past TEHRAN, Aug 29: Iran and Iraq want to bury the past and start a new era of neighbourly relations, visiting Iraqi interim Deputy Prime Minister Barham Salih said here on Sunday."
1,"Russia May Have to Delay Space Launch (AP) AP - Russia may have to delay October's planned launch of the next International Space Station crew by up to 10 days to fix a problem on the spacecraft that is to carry them into orbit, Russian news agencies reported."
1,"SE Asia Forges Closer Ties with China, Japan, S.Korea Leaders of 13 Southeast and Northeast Asian states Monday underlined their determination to turn growing economic power into political influence by establishing a new summit-level grouping."
0,"Strong turnout marked in HK election HONG KONG - Hong Kong voters made a strong turnout Sunday in a hard-fought legislative election being closely watched by Beijing. As of 5:30 pm, turnout was 35."
0,Blair sets asylum removal target Tony Blair says the government must do more to ensure failed asylum seekers are deported from the UK.
1,Newmont Considers Suit Over Jailed Execs (AP) AP - Newmont Mining Co. officials said Wednesday they are considering a lawsuit against Indonesian police over the jailing of five company executives during a pollution investigation.
1,"As Sadr City calms, sanitation projects loom Residents of the Sadr City slum in western Baghdad on Tuesday said they hoped an unofficial truce between a Shiite Muslim militia and US and Iraqi government "
0,"Cuban M.D. Staying at Argentine Embassy (AP) AP - A prominent Cuban doctor who was denied permission to travel to Buenos Aires to visit relatives was staying at the Argentine Embassy on Thursday, but her son said she does not plan to seek asylum in a case that has raised tensions between the two nations."
0,No bilateral talks during Aziz #39;s visit India is unlikely to respond to any major bilateral issues during Pakistan Prime Minister Shaukat Aziz #39;s two-day visit to New Delhi starting Tuesday.
1,"After Arafat In his press conference last Thursday, President Bush said people who don #39;t believe in the applicability of democracy to the Arab world cannot really believe in a two-state solution to the Palestinian conflict with Israel."
0,"Romanian killer bear had rabies The authorities in Brasov, central Romania, declare a rabies alert after an infected bear kills a man and injures others."
1,Iran Says Iraqi Government Risks Losing Support  TEHRAN (Reuters) - Iranian President Mohammad Khatami said  on Monday Iraq's interim government risked losing popular  support because of its backing for military operations against  Shi'ite Muslim rebels in the holy city of Najaf.
0,Record Labels Said to Be Next on Spitzer List for Scrutiny New York's attorney general is said to be scrutinizing practices for influencing which songs are heard on radio.
1,Survivor recognises accused in Best Bakery case (Reuters) Reuters - A survivor of a massacre during Hindu-Muslim riots in Gujarat in 2002 told a court on Wednesday he recognised seven men from the night of the attack accused of killing 14 people by hacking or burning them to death.
1,Nine-year-old Afghan boy in critical condition after heart valve surgery (Canadian Press) Canadian Press - TORONTO (CP) - A nine-year-old boy from Afghanistan who came to Canada to have life-saving surgery was in critical condition after undergoing heart valve surgery Friday.
0,"WORLD BRIEFS IN AFGHANISTAN. US troops and helicopter gunships killed 22 militants, including three Arab fighters, in the southern province of Zabul, Afghanistan, the military said yesterday."
1,"Steelers RB Bettis thinking about retiring after season Pittsburgh Steelers running back Jerome Bettis hasn #39;t decided if he will retire after this season, but is thinking about it. Bettis said his health -- not whether the Steelers win the Super "
1,"Red Sox lock up playoff spot The Boston Red Sox clinched their second straight trip to the playoffs, rallying past the Tampa Bay Devil Rays 7-3 Monday night behind Manny Ramirez #39;s AL-leading 43rd home run."
1,Lithuania Shoots Down U.S. in Men's Olympic Basketball  ATHENS (Reuters) - Sarunas Jasikevicius went on a shooting  spree in the last three minutes of play to lift Lithuania to a  94-90 victory over the United States in the men's Olympic  basketball tournament Saturday.
1,"Lithuania's Perimeter Shooting Leaves U.S. Outside Looking In Larry Brown's squad could not hold back a deep and talented Lithuanian team, losing, 94-90, to fall to 2-2 in the preliminary round at the Olympics."
1,Puyallup #39;s Moore takes US Amateur Ryan Moore of Puyallup capped one of the greatest individual summers of amateur golf in the sport #39;s history yesterday by coming from behind to win the US Amateur.
2,"Redskins Top Giants, Break Losing Streak (AP) AP - Stop the game and have a parade  #151; the Washington Redskins finally scored 20 points. The historic moment occurred with 41 seconds left in the first half of Sunday's rout of the New York Giants, when tight end Robert Royal went to the ground to cradle Patrick Ramsey's 9-yard pass. Royal's first career touchdown gave the Redskins a 21-0 lead on the way to a 31-7 victory."
1,Superb display by Nowitzki Dirk Nowitzki netted 53 points - the top score in the NBA this season - as the Dallas Mavericks beat the Houston Rockets 113-106 in overtime.
1,"Transsexual drives off to score a first on the golf course Golf is not a sport renowned for being at ease with gender issues. Many of the game #39;s great clubs refuse to admit women, and the occasional inclusion of women in men #39;s professional tournaments has caused consternation from Arran to Augusta."
1,Viduka #39;s double lights up Riverside IT CAN only be coincidence that the power failure that ensured the closure of concession stands throughout the Riverside Stadium brought such a ravenous display from three centre forwards whose hunger has been questioned.
1,Astros Pinning Hopes on Untested Pitcher Houston put their hopes in a pitcher untested in the postseason when they give Pete Munro the ball to start Game 2 of the N.L. Championship Series tonight.
1,"BU to induct four into Hall Hockey star David Sacco, a two-time first-team All-American and a finalist for the 1993 Hobey Baker Award, leads the list of four former Boston University athletes who will be inducted into the school's Hall of Fame Oct. 9."
1,Awe Freak Out! The gym I attend was buzzing with anticipation for the Monday Night matchup between The Minnesota Vikings and The Philadelphia Eagles.
1,"Nelson tops Irwin for playoff win Spring, TX (Sports Network) - Larry Nelson fired an eight-under 64 Sunday and birdied the first playoff hole to win the inaugural Adminstaff Small Business Classic."
1,Novak clinches AIG title Fifth seed Jiri Novak of the Czech Republic beat seventh seeded American Taylor Dent in three sets to win the Japan Open in Tokyo on Sunday.
1,"Arrivederci Roma for Voeller after 26 days ROME - Another week, another European soccer coach gone. Roma #39;s Rudi Voeller became the latest coaching casualty, handing in his resignation after the club #39;s 1-3 away defeat by nine-man Bologna on Saturday."
1,"Bucs lose KR Murphy for season Tampa, FL (Sports Network) - Tampa Bay Buccaneers wide receiver/kick returner Frank Murphy will miss the remainder of the season after rupturing his left Achilles #39; tendon in Sunday #39;s 16-13 loss to the Denver Broncos."
1,"Porcher doesn #39;t mind not playing considering the circumstances Detroit Lions defensive end Robert Porcher understood why he was benched in Sunday #39;s 20-16 victory against the Chicago Bears, but he might need even more patience before this season is over."
1,"NFL 2004: Garcia a Good Fit for Browns (AP) AP - Check out any sporting goods store around town and you'll find them cluttering the clearance racks: brown, white and orange No. 2 jerseys  #151; in any size."
1,"Jets Hardly Miss a Beat With the Line So in Tune IN football terms, it #39;s simply known as an offensive line, but Jets right tackle Kareem McKenzie compares it to an orchestra. Call it the Meadowlands Pops."
1, #39;Give Gunners silverware #39; Arsenal striker Thierry Henry believes that the Gunners should receive some sort of silverware for their unbeaten record. Sunday #39;s 5-3 win over Middlesbrough equalled Nottingham Forest #39;s 42-game unbeaten League run.
1,Doping Probe of Greeks Staggers Toward Farce  ATHENS (Reuters) - A doping probe that has dogged the host  country's Olympic Games staggered toward farce on Monday when a  hearing involving Greece's two top sprinters was postponed  again.
1,"Lara awaits date with destiny West Indies have been on the wrong end of some serious vitriol this summer, not least in the British media, where they have been accused of fecklessness, indiscipline and general lack of backbone."
1,Hamm Admits He Will Be Shocked if He Loses Gold  LONDON (Reuters) - Olympic all-round champion Paul Hamm  admitted he would be stunned if he lost the gold medal he was  awarded in Athens following a judging error.
1,"Harmison tops Test ratings Steve Harmison has become the first England bowler for more than two decades to lead the Test rankings. Harmison, who took 17 wickets in the series win over West Indies, has topped the PWC Ratings."
1,Trojans' Defense Carrying No. 1 Team (AP) AP - Matt Leinart and Reggie Bush get the headlines. Southern California's defense does the heavy lifting.
1,"Athletes cheat way to fame and fortune Dozens, perhaps hundreds, of major league baseball players have taken steroids in the last few years. Yet no player has ever been suspended for steroid use."
1,Agent: Smith's Appeal to Be Heard Wed. (AP) AP - The NFL will hear Minnesota Vikings running back Onterrio Smith's appeal of a pending four-game suspension next week.
1,Wilkinson to raise the bar Sir Clive Woodward yesterday joined the chorus of acclaim that greeted Jonny Wilkinson #39;s return to action on Tuesday night after eight months on the sidelines with a neck injury. 
1,"A.L. Wrap: Molina Leads Angels to Sweep of Yankees  NEW YORK (Reuters) - Bengie Molina had four hits, including  a three-run homer, as the Anaheim Angels completed a three-game  series sweep of the New York Yankees with a 4-3 win on Sunday."
1,"Knicks: Houston activated but may sit until weekend Even though coach Lenny Wilkens and Allan Houston said there was no chance Houston would play, the Knicks took the curious step of activating the 6-6 guard from the injured list before last night #39;s loss in Memphis."
1,"Butcher backs Souness Terry Butcher has backed his former Rangers manager Graeme Souness to be a success after taking over at Newcastle. Butcher believes Souness, who has quit Blackburn, is perfect for a club plagued "
1,Venus v Maria in quarters Venus Williams has set up an intriguing encounter with Maria Sharapova in the Swisscom Challenge in Zurich with a tight in over Ana Ivanovic.
1,"Manning in, Warner out for Giants Rookie Eli Manning has replaced two-time most valuable player Kurt Warner as the New York Giants #39; starting quarterback. Coach Tom Coughlin made the move after Warner and the offense struggled for the second "
1,"Emmons Loses Gold American shooter Matt Emmons fired at the wrong target on his final shot Sunday, blowing a commanding lead in the Olympic 50-meter three-position rifle event and allowing Jia Zhanbo of China to take the gold"
1,"MOTOGP NEWS Moody Blues: Rossi, Gibernau and Formula One. In the latest of his exclusive columns for Crash.net, renowned Eurosport MotoGP commentator Toby Moody provides the latest behind the scenes news from Sepang, analyses the Valentino Rossi/Sete Gibernau championship battle and ponders just how committed "
1,"NFL notes: Janikowski finalizes extension with Raiders Raiders: Sebastian Janikowski finalized a \$10.5 million, five-year contract extension with the Oakland Raiders that makes him the highest paid placekicker in the NFL."
1,"Pahlavan Rezazadeh quot; stuns world, set new record Iran #39;s heavyweight weightlifting champion Pahlavan Hossein Rezazadeh once again won one of the olympic games #39; most precious gold medals."
1,"England: Balckburn still in last Blackburn recovered from 3-1 down to draw 3-3 with Birmingham in the English Premier League on Sunday, but stayed bottom of the standings."
1,"Taiwan claims first two taekwondo golds Athens, Greece (Sports Network) - The first taekwondo medals of the Athens Games were awarded Thursday night in the men #39;s and women #39;s flyweight division, and Taiwan captured both golds."
1,"Chelsea and CSKA win, ousted coach Ranieri loses PARIS: Chelsea beat Porto, Barcelona blew away Shakhtar Donetsk and AC Milan struck twice in the last two minutes to sink Celtic but Russian billionaire Roman Abramovich was the biggest winner of them all."
1,Kallis defies India Jacques Kallis hit his first Test century against India as South Africa reached 227 for five on the first day of the second and final Test yesterday.
1,"Thin bullpens have managers calling on closers earlier An epidemic has erupted in the postseason. In the first seven division series games, managers used their closers for three innings three times."
1,Jeter Is Having Fun When the Games Mean the Most Javier Vazquez reversed his free fall with seven three-hit innings and Derek Jeter went 3 for 4 in the Yankees' second straight shutout victory.
1,"Weis Finds New Home With Notre Dame While hes spent the past several seasons in New England winning two Superbowl championships and looks poised to a third, Weis may have hoped that success would have lead to an NFL head coaching job."
1,UPDATE 1-Peugeot/Citroen pull-out deals a double blow French stablemates Peugeot and Citroen dealt rallying a double blow on Thursday with the shock announcement that they were pulling out of the world championship at the end of 2005.
1,"Schilling delivers for Bush; team execs shill for Kerry Curt Schilling wasn #39;t supposed to pitch again this year, but he #39;s endorsing President Bush in automated phone calls being made in three battleground states through Election Day."
1,"MLB All-Stars beaten again in Japan Sapporo, Japan (Sports Network) - Daisuke Matsuzaka went the distance on a five-hitter to lead Japan to a 5-1 victory over the Major League Baseball All- Stars in the sixth of an eight-game exhibition series."
1,"Davenport remains on title streak Top-seeded Lindsay Davenport claimed her fourth consecutive championship on Sunday with a 6-3, 6-2 victory over second-seeded Vera Zvonareva in the Western and Southern Women #39;s Open in Mason, Ohio."
1,Prosecutor postpones results of probe into disgraced Greek &lt;b&gt;...&lt;/b&gt; A senior Greek prosecutor has postponed announcing the results of a two-month investigation into disgraced Greek sprinters Kostas Kenteris and Katerina Thanou.
1,"Redskins #39; Taylor won #39;t play Sunday WASHINGTON (Ticker) - Following a poor decision off the field, rookie safety Sean Taylor will be on the sidelines when the Washington Redskins take the field Sunday."
1,"Texas Tech Gives Nebraska Worst Loss Ever (AP) AP - Texas Tech handed Nebraska its worst lost in the Cornhuskers' storied 114-year history, with Sonny Cumbie throwing for 436 yards and five touchdowns in the Red Raiders' 70-10 victory Saturday night."
1,"Sound of success: Israel strikes gold For many Israelis, the Olympics evoke memories of a terrorist massacre and political boycotts, but windsurfer "
1,"Bjorn challenges but falls shorts THOMASTOWN, Ireland -- Ernie Els held off a strong challenge from playing partner Thomas Bjorn to win the American Express Championship by one shot Sunday."
1,"Another day without practice for Phil BLOOMFIELD HILLS, Mich. -- Phil Mickelson skipped a practice for the second straight day on Thursday, 24 hours before the Ryder Cup gets under way at Oakland Hills."
1,Beckham boots Real to victory David Beckham scored a free-kick as Real Madrid beat Osasuna 1-0 in its first match under new coach Mariano Garcia Remon to go to the top of Spanish soccer #39;s Primera Liga.
1,"Millions expected to cheer their Sox BOSTON Red Sox Nation converges on Boston today to celebrate their team #39;s first World Series win in 86 years. The  quot;rolling rally quot; begins near Fenway Park at ten am, continuing through parts of the city and into the Charles River."
1,"Jaguar Formula One team taken over by Red Bull beverage company Formula One team Jaguar will race next season after being taken over by beverage company Red Bull on Monday. Jaguar #39;s parent company, Ford, said Sept."
1,"Magic Beats Heat in Preseason Finale (AP) AP - Steve Francis scored 22 points, and the Orlando Magic rode an early double-figures lead to a 109-103 victory Wednesday night over the Miami Heat in the preseason finale for both."
1,"Cavaliers sign Lucious Harris Lucious Harris signed Friday with the Cleveland Cavaliers, who hope the New Jersey Nets veteran can strengthen a backcourt weakened by injuries during the playoffs last season."
1,"Baseball: After 34 years, baseball returns to Washington Forget the mayhem in Iraq, the presidential elections, even last night #39;s candidates #39; debate. A banner headline yesterday in The Washington Post proclaimed the only news in "
1,Utah hires Whittingham to replace Meyer Utah defensive coordinator Kyle Whittingham was hired as the school #39;s football coach to replace Urban Meyer. Whittingham rejected an offer from rival BYU to take the Utes #39; job.
1,"Mississippi St. placed on four years #39; probation Mississippi State #39;s football program was placed on four years probation, stripped of four scholarships during each of the next two seasons and banned from postseason play this year by "
1,Warner named Giants #39; starter New York Giants Coach Tom Coughlin Sunday named Kurt Warner the team #39;s starting quarterback for the season opener at Philadelphia Sept.
1,"Fan Pursues Bonds Home Run Ball, But Strikes Out  LOS ANGELES (Reuters) - A baseball fan who bought up 6,458  seats at Los Angeles' Dodger Stadium in the hope of catching  and selling Barry Bonds' 700th home run ball admitted on  Thursday he had probably struck out."
1,"Cricket-Pakistan get first crack at Aussie Test bat PERTH, Australia (AFP) - The Pakistan pace duo of Shoaib Akhtar and Mohammad Sami will get their first crack at an Australian Test batsman so far on this tour when they take on a Chairman #39;s XI captained by Justin Langer in a limited overs match here."
1,"Cubs Defeat Marlins, 5-1, in NL Showdown MIAMI - Mark Prior allowed five hits in 7 2-3 innings to out-pitch Carl Pavano, and the Chicago Cubs moved one percentage point ahead of San Francisco atop the NL wild-card standings by beating the Florida Marlins 5-1 in the first game of a doubleheader "
1,Herath strikes as Pakistan face massive defeat Sri Lanka #39;s left-arm spinner Rangana Herath took two wickets in two balls to leave Pakistan facing a huge defeat at lunch on the final day of the first test on Sunday.
1,Hartson shows worth to Celtic The scene outside East End Park prior to yesterday #39;s encounter encapsulated Celtic #39;s current situation. Featured prominently on the myriad of Celtic souvenir stalls was an assortment of Henrik Larsson merchandise.
1,"American leads early in decathlon American Bryan Clay took the lead through the first three events of the Olympic decathlon Monday. Allyson Felix of the United States also posted the fastest time in the opening round of the 200-meter dash, a 22."
1,"Race inquiry hits trouble The ZCU have refused to accept a ruling from the two-man International Cricket Council inquiry panel to bar three of their members from the courtroom while a group of former Test players, who made the allegations, gave evidence."
1,"Vijay takes win in stride NORTON -- Most people will look back on the final round of the 2004 Deutsche Bank Championship and think,  quot;wasnt that poetic quot; -- Vijay Singh overtakes Tiger Woods in the world rankings by beating him head-to-head on the golf course."
1,"Around The NBA Now that he has decided to stay with the New Jersey Nets, Rod Thorn must make a decision on whether all-star guard Jason Kidd should go."
1,Kitajima wins breaststroke double Kosuke Kitajima won the men #39;s 200 metres breaststroke final at the Athens Olympics on Wednesday to collect his second gold medal in four days. 
1,OShea speculation gathers pace Speculation is growing that John OShea could be on his way out of Manchester United if the Old Trafford club complete a multi-million-pound move for Wayne Rooney before Tuesdays midnight transfer deadline.
1,"Auburn, Alabama games will be played as scheduled Officials at both schools decided Friday morning to go ahead with their home football games. They had considered postponing the games because of the damage left behind by Hurricane Ivan."
1,"Giants Place Shaun Williams on IR  EAST RUTHERFORD, N.J. (Sports Network) - New York Giants  safety Shaun Williams was placed on injured reserve Wednesday  due to a left knee injury."
1,Starting rotation might get a makeover for next round LOS ANGELES -The outcome of Sunday night #39;s Game 4 against the Los Angeles Dodgers had little bearing on the Cardinals #39; thinking about their NLCS starting rotation.
2,"Transactions BASEBALL Atlanta (NL): Added Ps Kyle Davies, Anthony Lerew and Macay McBride, INFs Pete Orr, Andy Marte and Luis Hernandez and OF Bill McCarthy to 40-man roster. Boston (AL): Named Al Nipper minor league pitching coordinator, Goose Gregson Latin American pitching coordinator and Gulf Coast League pitching coach, Todd Claus manager of Portland (EL), Dann Bilardello manager and Ace Adams ..."
1,"Cardinals Secure World Series Showdown with Red Sox  NEW YORK (Reuters) - Scott Rolen hit a two-run tie-breaking  homer off Roger Clemens in the sixth inning to give St Louis a  5-2 victory over the Houston Astros at Busch Stadium Thursday,  putting the Cardinals in the World Series."
1,"Loeb in front in Wales - but for how much longer? Citroen #39;s Sebastien Loeb remains in front on the Wales Rally GB tonight Friday, despite pressure from Petter Solberg late this morning, and in the afternoon, which saw the Frenchman #39;s advantage more than halved."
1,"Formula One stars arrive in Shanghai SHANGHAI (AP-CP) - World champion Michael Schumacher arrived in Shanghai on Wednesday, along with a host of other Formula One stars, saying he looked forward to evaluating the challenges of the city #39;s brand new circuit."
1,Four more hits! Four more hits! The lighter side of Ichiro Suzuki emerged Tuesday night after he moved into a tie for second place on the Major League all-time single-season hit list.
1,"Title party crasher? AUBURN, Ala. -- All Auburn can do now is take care of business the next few weeks and hope the votes and the computer rankings fall its way."
1,"NFL Game Summary - Kansas City at New Orleans Tight end Tony Gonzalez caught six passes for 71 yards for the Chiefs, who have scored 38 points on their initial drive of the game this season...Safety Jay Bellamy and Fakhir Brown each made nine tackles for the Saints, whose last home win over Kansas "
1,"Sandwich gymnasts off to fast start In its first meet in the program's history, the Sandwich girls' gymnastics team proved to be quick learners, defeating Carver, 130 3/4-105."
1,Your Verdict: Diouf spitting shame El-Hadji Diouf is back doing what he appears to do best - spitting on people. Not content with covering a variety of fans with spittle he has now targeted his fellow professionals.
1,England can run away with it Owen Hargreaves will probably be the beneficiary of David Beckham #39;s moment of madness if Sven-Goran Eriksson decides to retain his bold three-man attack for Wednesday #39;s match in Azerbaijan.
1,"Closer Brad Lidge Delivers for Astros (AP) AP - No bullpen collapse by the Houston Astros this time. Brad Lidge was on the mound. The Astros closer allowed just one hit and struck out five in two innings Saturday, protecting a lead and helping Houston beat the St. Louis Cardinals 5-2 in Game 3 of the NL championship series."
1,Beckham - foul  #39;was deliberate #39; David Beckham has admitted the foul on Ben Thatcher which earned him a yellow card in England #39;s World Cup qualifying win over Wales was premeditated.
2,"Tennis: Ljubicic powers past Johansson in Madrid Masters MADRID : Croatia #39;s Ivan Ljubicic battered Joachim Johansson with 27 aces, upsetting the big-hitting seventh seed 7-6 (7/2), 6-7 (1/7), 7-6 (7/3) for a place in the semi-finals of the 2.425-million-euro Madrid Masters."
1,"Cust Slogs Through Season With less than three weeks left in the Class AAA Ottawa Lynx's season, Jack Cust is counting down the days until his two-year stay with the Baltimore Orioles organization ends."
1,"Worldstars play strong defensive game in 5-1 victory over HV 71 JONKOPING, Sweden (CP) - Ray Whitney scored and assisted on Alexandre Daigle #39;s goal as the Worldstars played a strong defensive game in a 5-1 victory over HV 71 on Friday."
1,"LIONS MUST DO WITHOUT JONES Detroit Lions rookie running back Kevin Jones will be sidelined at least two weeks with a high right ankle sprain. Since the Lions have a bye this weekend, coach Steve Mariucci is hoping that Jones will just miss the October 10 game at Atlanta."
1,"ROUND-UP United through put Liverpool falter Roy Keanes Manchester United booked their place in the knock-out stages of the Uefa Champions League with a victory at home to French champions Olympique Lyonnais on Tuesday, but Liverpool were defeated by their own French nemeses, last seasons "
1,"Source: Phelps Nearly Hit Trooper, Took Breathalyzer Test SALISBURY, Md. -- The 11 News I-Team has uncovered more information in connection with the drunken driving arrest of Olympic swim star Michael Phelps."
1,"Trinidad won #39;t let thoughts wander Mention Bernard Hopkins, and Felix Trinidad winces. Bring up Oscar De La Hoya or Roy Jones, and Trinidad shakes his head. Back among boxing #39;s biggest names, Trinidad is ending more than two years of retirement "
1,"Red Sox primed for encore When you #39;re part of a team that has just captured its first World Series title in 86 years, it #39;s easy to get a little too caught up in the moment."
1,"Late rally keeps Sonics #39; win streak alive Having allowed 71 points at halftime, down 16 headed into the fourth quarter and with their five-game winning streak hanging in the balance, the Seattle Sonics somehow summoned the strength for an improbable comeback in the final frame."
1,"Crown fits for Falcons ATLANTA -- T.J. Duckett set a team record by rushing for four touchdowns and the Atlanta Falcons clinched just the third division title in franchise history, wrapping up the NFC South with a 35-10 rout of the Oakland Raiders yesterday."
1,"Heras wins Spanish Vuelta again Roberto Heras of Spain won his second straight Spanish Vuelta, one of cycling #39;s top races. Heras, who also captured this event in 2000, finished fourth in Sunday #39;s final leg, an 18-mile time trial in Madrid."
1,"Mitsubishi may partner with Merrill Mitsubishi Motors Corp, Japan #39;s only money-losing car maker, and US brokerage firm Merrill Lynch plan to set up a joint venture in North America, the Nihon Keizai Shimbun said Saturday."
3,"Wild Oats, Pathmark Warn on Results  NEW YORK (Reuters) - Natural and organic foods retailer  Wild Oats Markets Inc. &lt;A HREF=""http://www.investor.reuters.com/FullQuote.aspx?ticker=OATS.O target=/stocks/quickinfo/fullquote""&gt;OATS.O&lt;/A&gt; and Pathmark Stores Inc.  &lt;A HREF=""http://www.investor.reuters.com/FullQuote.aspx?ticker=PTMK.O target=/stocks/quickinfo/fullquote""&gt;PTMK.O&lt;/A&gt; both warned on Monday that their full-year results  would miss Wall Street forecasts because profit margins were  being squeezed by aggressive price cuts."
1,U.S. Treasury Prices Are Mixed  NEW YORK (Reuters) - U.S. Treasury prices were mixed on  Wednesday as economic data proved tepid and demand for an  auction of two-year notes was thin.
2,"China keeps tight rein on credit China is planning to extend official policies clamping down on credit into 2005, to try to keep the economy from boiling over."
1,"Fannie Mae Execs, Regulator Square Off  WASHINGTON (Reuters) - Fannie Mae executives and their  regulator squared off on Wednesday, with executives denying any  accounting irregularity and the regulator saying the housing  finance company's management may have to go."
1,"Update 6: Winter Fuel Supply Worries Continue on Data Concerns about winter fuel supplies were heightened Wednesday after a report showed US inventories of distillate, which includes heating oil, shrank for the sixth straight week."
2,"A Wedding That Won't Leave You Broke If you're planning a spring or summer wedding, you're probably sweating the details now."
3,"DirecTV Consolidates LatAm Satellite Ops  NEW YORK (Reuters) - Rupert Murdoch's News Corp. Ltd.  &lt;A HREF=""http://www.investor.reuters.com/FullQuote.aspx?ticker=NCP.AX target=/stocks/quickinfo/fullquote""&gt;NCP.AX&lt;/A&gt; will sell its stake in Sky Latin America to DirecTV  Group &lt;A HREF=""http://www.investor.reuters.com/FullQuote.aspx?ticker=DTV.N target=/stocks/quickinfo/fullquote""&gt;DTV.N&lt;/A&gt;, another company which it controls, for \$579  million in order to consolidate operations of the two satellite  broadcasters, the companies said on Monday."
1,"Dollar Stalls Ahead of Employment Figures (Reuters) Reuters - The dollar was stuck in familiar ranges\on Wednesday as the market awaited U.S. employment figures,\while the yen came under pressure from another round of soaring\oil prices."
1,"Mittal to Buy ISG, Create World #39;s Largest Steelmaker (Update3) Indian-born billionaire Lakshmi Mittal, who made a fortune buying mills from Algeria to Mexico, agreed to acquire Wilbur Ross #39;s International Steel Group Inc."
1,"Asian Stocks Jittery on Record Oil (Reuters) Reuters - Asian shares stuck to narrow ranges\Friday as record oil prices supported energy stocks and miners\rebounded on steadier metals markets, countering worries about\technology earnings and falls in Japanese automakers."
1,"Ex-Finance Exec Convicted of Wiretapping (AP) AP - The former chairman of consumer finance giant Takefuji Corp. was convicted of ordering the wiretapping of the home phone of a journalist who had written articles critical of the company, an official said Wednesday."
1,"A Pall Falls Over Forest Sometimes bad things happen to good companies. Consider drug maker Forest Laboratories (NYSE: FRX). The company is debt-free, cash-rich, and pumping out free cash flow at \$700 million a year."
2,Investors pour robust \$5.5 billion into venture funds Venture capital and private equity firms enjoyed a particularly strong third quarter when it came to raising money from institutional investors.
1,"Carlyle Looks Toward Commercial Aerospace (Reuters) Reuters - Private investment firm Carlyle Group,\which has a reputation for making well-timed and occasionally\controversial plays in the defense industry, has quietly placed\its bets on another part of the market."
1,"General Motors, Ford Say Aug. US Auto Sales Fell (Update5) Automakers including General Motors Corp. said US sales fell in August as gasoline prices near records hurt demand. General Motors and Ford Motor Co."
1,"IMF Sees Robust U.S. Growth (Reuters) Reuters - Robust U.S. economic growth will\likely continue into 2005, but authorities should cut the\budget deficit to reduce the risk to growth, International\Monetary Fund Managing Director Rodrigo Rato said."
1,"More cold cash for gas heating US demand for natural gas this winter is expected to increase 4.4 percent from last year, and prices should be higher even though inventories will be near record levels at the start of the heating season, a industry trade group said "
2," #39;Medicine is for people, not profits #39; Dodge Ball, the game in which children try to avoid getting hit by a rubber ball, may seem to have nothing in common with the business of developing medicines."
2,"UPDATE 2-Hutchison telecom unit markets US\$1 bln IPO Hutchison Telecommunications International Ltd. (HTIL), part of Hong Kong #39;s Hutchison Whampoa Ltd., on Monday began marketing a scaled-down IPO worth up to HK\$8."
1,"China #39;s GDP to grow 9 percent: state commission China #39;s economy was expected to grow by about nine percent this year, a senior official with the State Development and Reform Commission was quoted as saying by the Beijing News on Saturday."
1,"Regulators study gift-giving firms NASD, which is the regulatory arm of the Nasdaq stock market, and the Securities and Exchange Commission are investigating about two dozen firms, including brokerage firms and mutual fund companies, to determine whether brokers handed out expensive gifts "
1,"UPDATE 3-Possis tumbles after disappointing heart trial Shares of Possis Medical Inc. (POSS.O: Quote, Profile, Research) tumbled as much as 41 percent on Tuesday after the company cut its earnings outlook due to the failure of its AngioJet "
1,"Minister cautious about mad cow relief Manhattan and mad cow may seem an unlikely combination, but Agriculture Minister Andy Mitchell will be mixing the two today when he travels to New York City to meet his American counterpart to lobby for an end to the costly mad cow crisis."
2,Update 3: Holiday Outlook Brightens for Retailers The outlook for the holiday season brightened Thursday as many of the nation #39;s retailers reported an improvement in sales in October.
1,"Storms, fuel costs to take toll on JetBlue JetBlue Airways Corp. , a low-fare carrier flying mainly on the East Coast, said third-quarter profit will be lower than it expected because of hurricanes that forced flight cancellations in Florida and high fuel costs."
2,"ShopKo Reports November Retail Sales GREEN BAY, Wis., Dec. 1 /PRNewswire-FirstCall/ -- ShopKo Stores, Inc. (NYSE:SKO), today reported consolidated sales for the four weeks ended November 27, 2004 decreased 4.9 percent to \$272.8 million from \$286.8 million during the same period last year."
1,"Aussie dollar reaches nine-month high On the cross rates it was at 60.1 euro cents, 81.29 Japanese yen, 42.17 pence sterling, and 1.105 New Zealand dollars. On Wall Street stocks have jumped on news of a merger between retailers Kmart and Sears "
1,Google hails adwords victory A district judge has ruled that Google can continue selling advertising triggered by searches for trademarked brand names. Judge Leonie Brinkema ruled that the adwords program does not violate US federal trademark laws.
2,"Dollar hits new low, then hits back The dollar hit a record low against the euro for a fourth day running on Friday but rebounded swiftly as traders grew nervous about the possibility of central bank intervention."
2,"Fannie Mae Restatement Up to SEC - COO  WASHINGTON (Reuters) - Whether mortgage finance giant  Fannie Mae &lt;A HREF=""http://www.investor.reuters.com/FullQuote.aspx?ticker=FNM.N target=/stocks/quickinfo/fullquote""&gt;FNM.N&lt;/A&gt; will have to restate its earnings as a  result of accounting problems cited by regulators will be up to  the Securities and Exchange Commission to consider, a company  executive said on Tuesday."
2,Dollar recovers on denial of Chinese sell-off The dollar rallied from new lows in European morning trade on Friday as a Chinese official backtracked from earlier claims that China had started to shift 
2,"UnumProvident probe UnumProvident Corp. confirmed that the Massachusetts Division of Insurance will investigate the insurance company's practices of paying bonuses and other forms of compensation to brokers in exchange for their customers' business. UnumProvident is one of 10 insurers whose subsidiaries will undergo so-called  quot;market exams quot; by state regulators, following New York Attorney General Eliot Spitzer's revelations of bid-rigging and price-fixing. The ..."
2,"Philips Posts Best Quarterly Results in Four Years Often pigeonholed as just a seller of televisions and DVD players, Royal Philips Electronics said Tuesday that its third-quarter profit surged despite "
1,"Hutchison mobile IPO aims to raise 2 billion HONG KONG Hutchison Whampoa has filed with US regulators to raise as much as \$2 billion in an initial public offering of its phone business in Hong Kong, India and six other markets."
3,"Stocks Down Slightly; Economic Data Mixed  NEW YORK (Reuters) - U.S. stocks ended slightly lower on  Friday as a higher-than-expected jump in U.S. producer prices  helped to offset a fall in oil prices and dividend hikes from  General Electric Co. &lt;A HREF=""http://www.investor.reuters.com/FullQuote.aspx?ticker=GE.N target=/stocks/quickinfo/fullquote""&gt;GE.N&lt;/A&gt; and SBC Communications &lt;A HREF=""http://www.investor.reuters.com/FullQuote.aspx?ticker=SBC.N target=/stocks/quickinfo/fullquote""&gt;SBC.N&lt;/A&gt;."
1,"Holiday Hopes Brighten for Retailers  NEW YORK (Reuters) - U.S. retailers may have a happier  holiday season than expected just a month ago, as shoppers  cheer up after the elections and start thinking about what to  buy as the weather gets cold, analysts said."
2,"Colgate to cut work force, India may emerge hub The US-based oral care and personal products company Colgate-Palmolive Company is drawing a blueprint to restructure its operations."
2,"KMart Same-Store Sales Fall 4.6 Pct  CHICAGO (Reuters) - Kmart Holding Corp. &lt;A HREF=""http://www.investor.reuters.com/FullQuote.aspx?ticker=KMRT.O target=/stocks/quickinfo/fullquote""&gt;KMRT.O&lt;/A&gt; on Monday  said sales at stores open at least a year fell 4.6 percent in  the November-December period -- an improvement from declines  earlier in the year."
1,"News Corp. Shareholders Approve US Move; Stock to Join S amp;P500 News Corp. shareholders approved Rupert Murdoch #39;s plan to move his media company to the US from Australia, making it easier to raise money for expansion and allowing the stock to be "
2,US Airways pilot talks collapse The pressure on US Airways mounted last night after talks with its pilots aimed at cutting nearly \$300m (163m) in costs broke down.
1,"Miners Lead European Stocks Down  LONDON (Reuters) - European shares eased on Wednesday with  mining stocks soft after sharp falls in metal prices and  concerns about the strong euro hitting growth, but auto makers  like Porsche rose after strong sales data."
2,"A naming-rights offer writ small Corporate donors who couldn't afford to pony up millions a year to affix their brand names to Gillette Stadium or the FleetCenter might consider this: For a mere \$200,000, they can now buy the naming rights to a performance studio at a Worcester radio station."
1,GUS says Argos outperforms Retail group GUS says like-for-like sales at its key Argos chain outstripped the market in the first half as sales of consumer electronics and leisure goods shone.
1,"Temasek posts S\$7.4b net profit in first-ever report card SINGAPORE : Investment firm Temasek Holdings has made public its report card for the first time in its 30-year history. Its performance in financial year 2003 sparkled, with "
1,"Alarcon backs suit against DWP rate hike Stepping up his legal and political battle, state Sen. Richard Alarcon endorsed a class-action lawsuit filed Thursday that challenges the 11 percent water-rate increase the Department of Water and Power imposed this year."
2,Man Utd confirms bid approach Shares in Manchester United rally on Monday as the club confirms it has received a takeover approach.
1,"GE Gives Airline Help On Leases ARLINGTON, Va. - US Airways Group said Friday that it has reached agreement with General Electric Co. on aircraft leasing and financing terms to help the airline lower costs and reduce debt as it seeks to avoid liquidation."
1,"EBay Reports Sharply Higher Profit EBay Inc., the world #39;s largest online marketplace, on Wednesday posted a quarterly profit that rose 77 percent from a year ago, fueled by strong back-to-school shopping "
2,"Sony-led group finalizes deal to purchase MGM Sony Corp. and a group of investors reached a final agreement to buy Metro-Goldwyn-Mayer Inc. for US\$12 a share, or about US\$2.9 billion, to gain control of one of the world #39;s largest film libraries."
2,Ameren Seeks to Slash Workforce ST. LOUIS - Utility holding company Ameren Corp. announced plans Wednesday to reduce its payroll by offering 950 union and management employees financial incentives to leave.
1,"Pension Agency May Go Broke by 2020  NEW YORK (Reuters) - The U.S. government agency that  insures corporate pensions will run out of money in 2020 if  current financial conditions persist, imperiling the checks of  millions of retirees, a new independent study shows."
1,"Victims #39; relatives to make voices heard in crematory case LAFAYETTE, Ga. Prosecutors say several dozen relatives of people whose bodies were among more than 300 found at a northwest Georgia crematory have asked to make statements at a sentencing hearing for the crematory #39;s former operator."
2,S.E.C. Inquiry on Circulation at Newspapers Said to Widen More than six newspaper companies have received letters from the Securities and Exchange Commission seeking information about their circulation practices.
2,"Before-the-Bell: Wal-Mart Edges Lower  NEW YORK (Reuters) - Shares of Wal-Mart Stores Inc. &lt;A HREF=""http://www.investor.reuters.com/FullQuote.aspx?ticker=WMT.N target=/stocks/quickinfo/fullquote""&gt;WMT.N&lt;/A&gt;  ticked lower on Monday after the world's largest retailer cut  its August sales forecast."
2,BA sees profits more than double Airline British Airways reveals pre-tax profits more than doubled to 220m in the July to September period.
2,INTERVIEW: Australia #39;s Evans  amp; Tate Aims For 10 Growth PERTH (Dow Jones)--Australian winemaker Evans  amp; Tate Ltd. (ETW.AU) said Monday it is aiming for profit growth of at least 10 in the current year as it expands sales in its key markets across Australia and the UK.
3,"SuperGen Withdraws Drug Application  NEW YORK (Reuters) - SuperGen Inc. &lt;A HREF=""http://www.investor.reuters.com/FullQuote.aspx?ticker=SUPG.O target=/stocks/quickinfo/fullquote""&gt;SUPG.O&lt;/A&gt; on Monday said  it has withdrawn an application to market its pancreatic cancer  drug in the United States, casting a cloud on the drug's future  in the world's biggest market and sending the company's shares  down as much as 16 percent."
1,Things don #39;t go better as Coke #39;s profit warning weighs Dow A PROFIT warning from Coca-Cola put the skids under US equities yesterday and a Goldman Sachs survey showing softening corporate spending on technology added to the gloomy mood.
1,NatFoods makes its pitch for SPC PERENNIAL takeover target and suitor National Foods has identified SPC Ardmona as a merger partner in a deal that would add packaged fruit to its own dairy operations and build a major Australian food company.
1,Dollar Under Pressure in Thin Trading  TOKYO (Reuters) - The dollar was feeling the heat on  Thursday as concerns about the U.S. trade and current account  deficits hardened the market's view that the currency's  downward spiral would continue.
1,ING Withdrawing  #36;5 Billion From Janus (AP) AP - Janus Capital Group Inc. on Tuesday identified ING US Financial Services as the client planning to withdraw  #36;5 billion from the Denver-based mutual funds giant.
2,"Arthritis Drug Vioxx Being Pulled The arthritis drug Vioxx, used by millions of people around the world, is being pulled off the market after a study confirmed long-standing concerns that it raises "
1,"UK company to buy Infonet for \$965M London-based BT Group PLC said Monday it will strengthen its presence in North America and Asia by buying Infonet Services Corp., an international managed voice and data network services provider, for \$965 million."
2,"Delta Pilots Agree to Cuts Delta Air Lines pilots have agreed to slash their salaries by nearly a third and forgo pay raises for five years to help the struggling airline avoid bankruptcy, their union announced Thursday."
1,"Source: Samsung Profit Below Forecast  SEOUL (Reuters) - Samsung Electronics Co. Ltd.'s  third-quarter operating profit has fallen around 10 percent  short of market forecasts due to weak sales of flat screens, a  source familiar with the company's business said on Friday."
2,"Japanese Stocks May Gain After Oil Declines; Toyota May Advance Japanese stocks may rise after oil prices fell from a record in New York, easing concern higher energy costs will damp consumer spending and corporate profits."
2,"US economy grew faster than estimated A slowdown in US economic growth during the second quarter was not as sharp as previously thought, the Commerce Department reported today."
2,"Samsung Electric Quarterly Profit Up Samsung Electronics Co. Ltd. #39;s (005930.KS: Quote, Profile, Research) quarterly profit jumped 46 percent from a year ago on strong memory chip earnings, but fell "
2,"Merck guides to lower-than-expected 2005 earnings NEW YORK, December 8 (newratings.com) - Merck  amp; Co (MRK.NYS) has guided to lower-than-expected 2005 earnings due to the withdrawal of its blockbuster arthritis drug, Vioxx, and increased generic competition for its cholesterol drug, Zocor."
1,"Hurricane Ivan #39;s twists force oil prices higher NEW YORK : The latest twists and turns from Hurricane Ivan prompted renewed concerns Monday about oil production in the Gulf of Mexico, pushing futures prices sharply higher on global markets."
2,Something's Brewing at Diedrich Coffee The Starbucks competitor will sell its international franchise business to battle at home.
2,"Salesforce.com unveils Winter '05 at user conference SAN FRANCISCO -- At the Dreamforce 2004 Salesforce.com user conference on Monday, the company that says ""just say no to packaged applications"" continued to expand on its strategy of tightly integrating its hosted solution with in-house enterprise applications."
1,"Banks boosting mortgage rates TORONTO -- Canada #39;s big banks raised long-term mortgage rates by more than one-tenth of a point yesterday, reflecting the higher cost of borrowing in the bond market."
2,Yukos chief sees little hope for oil giant The American chief executive of Russia #39;s embattled oil giant Yukos yesterday held out little hope of saving the company from dismemberment by the Putin government this month.
1,"Linux #39;s Latest Moneymaker NEW YORK - A Salt Lake City startup called Linux Networx has just closed a second round of venture funding for a staggering \$40 million, further proof of investors #39; appetite for Linux as a solid, high-growth alternative to Windows and Unix."
1,"Far Fewer Jobs Were Added in November Than Forecast The economy added 112,000 payroll jobs in November, far fewer than the month before and not enough to keep up with average increases in the adult population, the Labor Department reported on Friday."
2,Fed chief shakes markets Federal Reserve Chairman Alan Greenspan shook financial markets yesterday with a warning that foreign nations may tire of financing the huge US trade and budget deficits.
1,"Royal Bank serves up disappointing quarter TORONTO - Royal Bank of Canada has reported a drop in third-quarter profit --the first year-over-year decline in three years -- because of lower earnings at its US division, increased costs and a higher Canadian dollar."
1,"EDS May Cut Up To 20,000 Jobs The IT services company may lay off as many as 20,000 from its global workforce of 125,000, in an effort to remain competitive with archrival IBM and low-cost offshore service providers."
2,"Florida recovers from Hurricane Charley Two weeks after it was hit by Hurricane Charley, Florida is open for business and welcoming visitors. The organisation Visit Florida, which offers advice to holidaymakers "
1,"Judge Blocks MPAA #39;s Mass Suits A week after members of the Motion Picture Association of America filed 11 lawsuits against hundreds of people they accused of using file-sharing networks to share copies of movies, a US District Court judge found the process improper and ordered the "
1,"High Court Puts Limit On Lender Liability The Supreme Court overturned a five-figure damage award for an auto dealer's alleged loan scam, ruling that a federal appeals court had wrongly interpreted a federal fair-credit law when it upheld the award last year."
2,"Russian minister against Gazprom buying Yukos unit: reports MOSCOW (AFP) - Russia #39;s economy minister German Gref is trying to halt plans for the Gazprom monopoly to bid for the main production unit of embattled Yukos, but is unlikely to succeed, analysts said."
1,"Before the Bell: Knight Falls, Too Rises Knight Trading Group Inc. (NITE) shares fell more than 6 percent before the bell on Wednesday after the Nasdaq stock trader warned of a quarterly loss because of weak stock trading volume."
2,"Airbus A350 Unleashes New War with Boeing  PARIS (Reuters) - European planemaker Airbus won approval  from its shareholders on Friday to unleash a fresh marketing  battle against arch-rival Boeing by seeking orders for a  fuel-saving, wide-body jet to be called the A350."
1,"Ford to build new plant in Oakville: report TORONTO - Ford Motor Co. is reported to be on the verge of announcing a \$1-billion investment at its plant in Oakville, Ont. The company has decided to build a flexible manufacturing plant at the site, the Toronto Star reported Friday."
2,"Symantec Will Buy Veritas for \$13.5 Billion in Stock (Update4) Symantec Corp., the world #39;s largest maker of anti-virus programs for computers, agreed to buy Veritas Software Corp. for \$13.5 billion, the biggest software purchase in six years."
2,"Taser Hits Back at Amnesty International  NEW YORK (Reuters) - Stun gun maker Taser International  Inc. &lt;A HREF=""http://www.investor.reuters.com/FullQuote.aspx?ticker=TASR.O target=/stocks/quickinfo/fullquote""&gt;TASR.O&lt;/A&gt; on Tuesday accused human rights group Amnesty  International of ignoring independent reports showing the  company's weapons to be safe and effective."
1,"Oil: Price surges 3 per cent as US heating stocks fall NEW YORK - Oil prices recovered from seven-week lows on Wednesday, surging more than 3 per cent as a drawdown in US heating fuel stocks rekindled worries about thin supplies ahead of the northern winter."
1,ING to sell Baring Asset Management Financial group ING has agreed to sell Baring Asset Management to US groups MassMutual and Northern Trust and says it will make a net gain of 250 million euros (176 million pounds) on the deal.
1,"Holiday traveler outlook: no gifts MANATEE - Expect airports and roads to be even more crowded than usual this holiday season. That #39;s the word from AAA, which predicted Wednesday that a record number of Americans and Floridians will travel during the Christmas and New Year #39;s holidays."
1,"Ispat welcomes Mittal Steel merger Ispat Iscor on Monday said it was delighted with the formation of the new Mittal Steel company, which moved it from the world #39;s number two steel group to the world #39;s biggest steel company."
1,Oil Extends Retreat Ahead of U.S. Data  LONDON (Reuters) - Oil prices extended recent heavy losses  on Wednesday ahead of weekly U.S. data expected to show fuel  stocks rising in time for peak winter demand.
1,"XM Radio Shares Jump on Online Service Shares of XM Satellite Radio Holdings Inc. jumped to a new 52-week high Thursday, a day after the company said it would begin broadcasting its commercial-free radio stations to subscribers over the Internet."
1,"Fannie Mae #39;s woes may cost home buyers US home buyers may see a slight rise in mortgage rates if housing finance company Fannie Mae, which is mired in an accounting scandal, slows purchases of bonds backed "
2,IMAX's Stocking Stuffer The company ups its 2004 guidance after the record-breaking success of Polar Express.
2,"Mixed Signals Sustain Rally Stocks edged up for the week, continuing a month-long rally in the face of mediocre economic news and more-positive developments from technology firms and energy markets."
2,"Profit rises at Chinese mobile giant China Mobile (Hong Kong), the world #39;s largest cellphone operator ranked by customers, said Wednesday that profit rose 7.8 percent in the first half of this year after the company enrolled more new subscribers by offering less-expensive services. Net ..."
1,"Amex sees \$120M charge; axes 2,000 American Express said Friday it expects to record a fourth-quarter pre-tax restructuring charge of up to \$120 million and cut 2,000 jobs."
3,Digital cinema moves closer to local multiplex A movie studio coalition says it has worked out standards for films without film.
3,The art of safe storm-chasing A mid Wales man with a terrifying and risky hobby explains why he is fascinated by extreme weather.
3,Google can now take you inside seven great libraries This is welcome news for researchers as their favorite web search engine Google will now scan the entire collections of seven prestigious libraries and make these pages available to Google users.
3,"Oracle Poised to Pounce of PeopleSoft (AP) AP - Bolstered by investors, Oracle Corp. appears destined to complete its long-sought takeover of PeopleSoft Inc. unless its rival becomes more profitable and proves it is worth more than the  #36;9.2 billion bid currently on the table."
1,"Spam, Spam, Spam, Spam ..... The Microsoft chairman receives four million e-mails a day, but practically an entire department at the company he founded is dedicated to ensuring that nothing unwanted gets into his inbox, the companys chief executive said today."
3,"The Dorms May Be Great, but How's the Counseling? Given the prevalence of emotional difficulties on campus, it pays to find out, before choosing a college, what mental health services are available."
3,Virus Writer Hides Job Ad in MyDoom Net Worm (Reuters) Reuters - Times must be getting tough for computer\virus writers.
1,AOL backs away from Microsoft antispam plan America Online Inc. (AOL) has decided not to fully support Microsoft Corp. #39;s Sender ID spam-fighting plan after the Internet Engineering Task Force (IETF) and the open- source 
3,"Oversight on Bioengineered Crops Is Poor, Report Says  Federal oversight of crops genetically engineered to produce medications  in their seeds and leaves is inadequate to prevent unwanted contamination of food crops, according to an analysis released yesterday by a scientific advocacy group. As a result, the report concludes, consumers are at risk of inadvertently dosing themselves with prescription drugs while eating a morning bowl of cereal."
1,"E-mail commerce vs. politics Solving the nation #39;s spam problem will require a balancing act, legal and privacy experts said today in Washington, DC, at a meeting sponsored by the Federal Trade Commission."
2,"FCC Asserts Role as Internet Phone Regulator The ruling, which asserts that the federal government, not states, has the authority to regulate phone service provided over the Internet.&lt;br&gt;&lt;FONT face=""verdana,MS Sans Serif,arial,helvetica"" size=""-2""\ color=""#666666""&gt;&lt;B&gt; -The Washington Post&lt;/B&gt;&lt;/FONT&gt;"
1,N.D. Conducts 5-Year Study on Pronghorns (AP) AP - The state Game and Fish Department is in the first year of a five-year radio collar study to learn more about pronghorns.
1,"PC maker bets on personal power SAN FRANCISCO Today the idea of building a custom-designed workstation computer in Silicon Valley seems quaint. In both engineering and scientific markets, inexpensive off-the-shelf systems, coupled with the "
3,2 Firms Win Contracts for Missile Work BAE Systems PLC  and Northrop Grumman Corp. won \$45 million contracts yesterday to develop prototypes of anti-missile technology that could protect commercial aircraft from shoulder-fired missiles.
1,"Google for the scholarly community The Internet search giant Google Inc. on late Wednesday unveiled Google Scholar, its next service aimed at listing scholarly literature such as theses, books and technical reports that appears to be most relevant to a search request."
3,"Big five set their sights on mobile TV The world #39;s top five handset vendors, Nokia, Motorola, Siemens, NEC and Sony Erics, have announced a co-operative deal to investigate mobile broadcast services."
1,"NVIDIA and Sony hook-up Electronic voting in the US. The saga continues. Here is an interesting comparision with a Venezuelan referendum.  quot;80 of Americans could correctly name the first President Bush #39;s pet dog Millie, but only "
3,"Grokster launches a legal Net radio Grokster, one of the best-known P2P services (at least one of the best-known by the RIAA  amp; co), has taken yet another step in its path to make its P2P service to please the record labels by teaming up with a start-up called Mercora to provide an artist "
1,HDTV: A Shopper #39;s Survival Guide The words high-definition TV are enough to give many consumers the sweats. We #39;ll help you relax and buy smarter. Flat or fat? EDTV or HDTV?
1,"Next Space Station Launch Set for Oct 11 The blast-off in a Soyuz spacecraft from Russia #39;s Baikonur cosmodrome in Kazakhstan will deploy a replacement crew for Russian cosmonaut Gennady Padalka and NASA astronaut Michael Fincke, who have manned the orbital platform since April."
1,"Don't Mess With Librarians The timid media won't do it, so 'radical' librarians are standing up against the government to protect free speech and fight censorship. Commentary by Adam L. Penenberg."
3,"Broadcom buys into cell phone graphics The chipmaker is back on a buying spree, having scooped up five other companies this year."
1,"Europe Mission to Moon Called Success (AP) AP - A small spacecraft has made it into lunar orbit, signaling Europe's first successful mission to the moon and paving the way for the craft to be used to study the lunar surface, a European Space Agency spokesman said Tuesday."
1,"UK ; Last Rites Sounded for Life-Changing Video Format  quot;We are now entering the digital age and the new DVD technology available represents a step-change in picture quality and convenience, quot; said marketing director John Mewett."
1,"Pioneering NASA Engineer Max Faget Dead at 83 Pioneering NASA engineer Maxime Faget, who designed the Project Mercury capsule that carried the first US astronauts into space and worked on every subsequent manned spacecraft including the space shuttle, has died at the age of 83 "
1,IBM open-sources speech recognition development tools IBM Corp. said Monday it will release as open source code some of its software for speech-enabling applications. The move is intended to spur development in the field and outflank rivals by making IBM's free technology the industry standard.
1,Rough Reception for DNA Law California voters approve an aggressive DNA-collection program -- basically anyone held in connection with a felony will be tested -- and that has privacy advocates worried. By Julia Scheeres.
1,"Spyware Bill Gets House Nod Anti-spyware legislation sails through the House of Representatives, with the bill's sponsor pressing to have both houses approve a law to reign in invasive computer programs by the end of the year. By Michael Grebb."
3,"Enterprise grid group adds Dell, two others (InfoWorld) InfoWorld - The Enterprise Grid Alliance (EGA) on Nov. 30 plans to announce the addition of Dell, UBS Investment Bank, and value-added reseller Avarsys to its fold."
1,IBM expands RFID services for manufacturers IBM is set to begin offering a range of new services designed to bring the benefits of radio-frequency identification (RFID) systems to industrial firms and mid-size businesses.
3,Microsoft releases desktop search suite to testers Microsofthas joined the desktop search fray with its release Monday of the beta test version of a suite of tools designed to let users find information stored in their PCs.
3,Police turn forensic skills on handhelds A federal agency examines forensic tools to help law enforcement extract data from handheld gadgets.\
1,"Vodafone Makes Sun Its Preferred IT Vendor (Ziff Davis) Ziff Davis - Vodafone signs a global purchasing agreement with Sun that gives Vodafone consistent terms for Sun's hardware, software and services product line."
1,"AOL survey finds rampant online threats, clueless users Although more than two-thirds of home computer users think they're safe from online threats, an AOL survey found that 20 of home computers were infected by a virus or worm and 80 had various forms of spyware and adware programs."
3,World #39;s largest hard drive released MAKERS OF PC bits and bobs Seagate Technology today announced that it has shipped what it reckons is the world #39;s largest PC hard drive.
3,"iTunes Music Store downloads top 200 million songs Well on its way to serving up a quarter-billion iTunes tracks by next Spring, Apple claims to have sold over 200 million tunes to date."
1,AOL files  #39;spim #39; lawsuit AMERICA Online has filed a lawsuit accusing numerous unnamed defendants of violating US federal and state laws by sending bulk messages known as  quot;spim quot; to instant message accounts and internet chat rooms.
1,"Vioxx: How Safe Is FDA Approval? The problems with Vioxx, taken off the market last week, raise questions about the Food and Drug Administration's safety review process. Observers say longer clinical trials should be required."
3,"Job application hidden in virus code Experts at a UK anti-virus firm have discovered a job application buried in lines of code for two new computer worm viruses. The message, which could only be read by anti-virus professionals, said:  quot;We searching 4 work in AV (anti-virus) industry."
1,"Pakistan Mobile Phone Firms Vie for Pent-Up Demand  ISLAMABAD (Reuters) - Tens of thousands of Pakistanis  endured hours of stifling heat this week to accept an offer of  free mobile phone connections, a sign of the pent-up demand in  a country where cell phone usage has remained low."
3,TXT-to-pay parking gets green light Wellington City Council will this week start replacing 1300 parking meters with 300 pay-and-display machines that can accept payments from mobile phones or credit cards.
3,"Hollywood nails Kaleidescape The MPAA #39;s DVD Copy Control Association (DVDCCA), owner of the ineffective DVD  #39;copy-protection #39; technology, is after a firm called Kaleidescape because, claim the studios, Kaleidescape #39;s \$27,000 jukebox illegally makes copies of DVDs."
1,"Bush Web Site Bars Overseas Visitors (washingtonpost.com) washingtonpost.com - The Bush-Cheney reelection campaign has barred people outside the United States from viewing its Web site following an electronic attack that took down the campaign's Internet address for six hours last week, according\\to computer security experts."
1,"Two China Banks Uncover Fake Web Sites (Reuters) Reuters - Two of China's leading banks have\identified fake Web sites in recent days and reported them to\the country's public security organs, bank officials said on\Thursday."
1,"PeopleSoft Product Exec Follows CEO Out the Door OCTOBER 18, 2004 (COMPUTERWORLD) - Just two weeks after PeopleSoft Inc. ousted former CEO Craig Conway, the business applications vendor said that another top executive -- Ram Gupta, who had been executive "
1,"Divorce rate surges as friends are reunited Internet sites such as Friends Reunited are unwittingly fuelling a surge in marital break-up as bored husbands and wives contact old flames, relationship counsellors warned yesterday as official figures showed divorce has reached a seven-year high."
3,"Report: SBC Sets TV Deal with Microsoft (Reuters) Reuters - SBC Communications, the No. 2 U.S.\telecommunications company, has agreed to pay  #36;400 million to\Microsoft Corp. for software that can deliver television via\high-speed data lines, The New York Times reported on\Wednesday."
3,"Napster Receives New Life As Public Company Call it the kitty's third life. Roxio Inc. (ROXI) bought the Napster brand name and feline logo at a bankruptcy auction two years ago and with the acquisition of another music service, pressplay, relaunched the once-renegade file-swapping pioneer as a legal music service last October."
3,Sendo Microsoft Dispute Settled In one of those  quot;legal quot; announcements which leaves the curious unsatisfied Sendo and Microsoft have announced they have settled their dispute.
3,"'Independent' report used MS-sourced data to trash OSS 'Microsoft gave us this stuff, but we haven't checked it'"
3,"Langdon Gilkey, 85, Theorist on Nexus of Faith and Science, Dies Langdon Gilkey was a prominent Protestant theologian who argued for a rational, even satisfying, co-existence between science and faith."
2,"Dell Cuts Prices on Many U.S. Corporate Products  SAN FRANCISCO (Reuters) - Dell Inc. &lt;A HREF=""http://www.reuters.co.uk/financeQuoteLookup.jhtml?ticker=DELL.O qtype=sym infotype=info qcat=news""&gt;DELL.O&lt;/A&gt; on Monday said  it had cut prices by as much as fifth for a range of products  aimed at U.S. corporate customers, as the computer maker passed  along savings from cheaper components."
1,"Stop Misbehaving, Spacey Tells British Theatergoers (Reuters) Reuters - Hollywood star Kevin Spacey has lost his\patience with British theater audiences -- it's time to turn\off the mobile phones and stop rustling candy wrappers."
1,"Thinnest iMac Ever Makes Paris Debut  quot;A lot of people are going to ask,  #39;Where did the computer go? #39; quot; says Phil Schiller, Apple #39;s senior vice president of worldwide product marketing."
1,Microsoft email  #39;caller ID #39; questioned Internet engineers working on a standard for identifying the source of email messages voted down a proposal by Microsoft to include some of that company #39;s intellectual property in the specification.
3,"Intel joins McCaw #39;s new tech venture On the day Craig McCaw #39;s old company, AT amp;T Wireless, came one step closer to being absorbed by Cingular Wireless, the cellphone pioneer announced that his latest venture, Clearwire, has formed a high-profile partnership with Intel."
3,First Look: Portable Speakers Pack Punch Kilpsch's \$100 ProMedia Ultra 2.0 speakers put desktop-quality sound in a package you can lug around.
3,"Dying star creates fantasy-like sculpture of gas and dust In this detailed view from NASA #39;s Hubble Space Telescope, the so-called Cat #39;s Eye Nebula looks like the penetrating eye of the disembodied sorcerer Sauron from the film adaptation of  quot;The Lord of the Rings."
1,"Administration Shifts On Global Warming A Bush administration report suggests that evidence of global warming has begun to affect animal and plant populations in visible ways, and that rising temperatures in North America are due in part to human activity."
3,"Terror Attacks Spur Israel Road Deaths Spike-Study Fatal attacks in Israel cause a direct increase in the number of deadly traffic accidents -- but not until three days later, researchers said on Monday."
1,First Suit Filed Against Internet  #39;Spyware #39; The US government has sued a New Hampshire man in its first attempt to crack down on Internet  quot;spyware quot; that seizes control of a user #39;s computer without permission.
3,"Science creates 'own mavericks' Britain's scientific community fuels controversies by shunning colleagues with rebel ideas, research suggests."
3,"Medical Records May Go Online (PC World) PC World - Health industry, tech firms, government agencies might collaborate to\ build a secure database of patient records."
1,"Lycos Strikes Back At Spammers With DoS Screensaver com. Lycos Europe took the fight to the enemy Monday, by launching a screensaver that conducts a group denial-of-service (DoS) attack against sites selling products marketed via spam."
1,"Farting Herring, Suicides Garner Ig Nobels Oct. 1, 2004 - A research team that showed herring communicate by farting and the authors of a study on the effect of country music on suicide were among the winners of the 2004 Ig Nobel prize."
3,Fake viagra sold over the web from Malta-British scientists A study carried out by doctors from the University of London showed that 50 percent of the Viagra sold over the Internet was fake.
3,"Thousands of Call Center Jobs To Go Overseas Once thriving, call centers now are shrinking, a trend that could threaten thousands of jobs. Because of lower wages overseas, technological advances and new do-not-call regulations, call "
3,"Web Retailers Facing Pre-Holiday Changes (Reuters) Reuters - It's a great time to be an\Internet shopper, but the same search technology that is\transforming the Web into a bargain-hunter's paradise is\putting the squeeze on online retailers doling out discounts\and incentives to lure customers."
1,"Nvidia signs chipset license with Intel Nvidia Corp. and Intel Corp. have signed a multiyear cross-licensing agreement that entitles Nvidia to build chipsets for Intel #39;s processors, the companies announced Friday."
3,"Worm Bins Turn Kitchen Scraps Into Compost For environmentally minded urbanites, no kitchen is complete without an accessory that treats hundreds of wriggling, red guests to dinner: a composting worm bin."
3,"Philly, Verizon Complete Wireless Deal (AP) AP - The city of Philadelphia and Verizon Communications Inc. struck an agreement Tuesday that would allow the city to provide wireless Internet access as a municipal service even though Gov. Ed Rendell signed legislation giving Verizon the power to scuttle the project."
1,"Firefox catches fire As the number of downloads of Mozilla Foundation #39;s open source browser Firefox 1.0 continues to soar (4.7 hits by Nov. 19), people are asking what will established browsers do in response?"
1,Why did sea monsters have long necks? Scientists working in China have discovered an ancient swimming predator with a neck nearly twice as long as its body. Neck ribs line the reptiles 5.5-foot-long (1.
1,"Apple posts highest Q4 revenue in almost a decade Apple Computer's iPod music player helped the company increase revenue at a dizzying rate, leading to its highest fourth-quarter revenue in nine years."
3,Cognos brings software to Linux on Power Firm's ReportNet product now is available for Red Hat Enterprise Linux running on IBM's pSeries servers.
1,"Apple #39;s iTunes now accepting PayPal Customers at Apple Computer #39;s iTunes store will now be able to pay for their songs, albums and gift certificates using PayPal, a virtual wallet technology owned by eBay."
1,Briefly: Nortel pushes back Flextronics deal roundup Plus: HP rakes in .Net dough...Escend raises \$3 million...Hitachi cuts 10 percent of U.S. work force...Evite goes local with invitations.
1,"Saturian Titian Flyby But Hours Away The Cassini spacecraft is but hours away from a second flyby of the Saturian moon Titan set for Monday , December 13 with the closest approach image data arriving at about 8 PM."
1,"Sony to Launch Latest Gran Turismo Software in Dec (Reuters) Reuters - Sony Corp. said on Friday it\would launch the latest version of its blockbuster racing game\software ""Gran Turismo"" in December in a potentially strong\boost for holiday sales of its PlayStation 2 console."
1,Sony Unveils New MP3 Hard Disk Walkman Sony Corp. announced Tuesday a new 20 gigabyte digital music player with MP3 support that will be available in Great Britain and Japan before Christmas and elsewhere in Europe in early 2005.
1,"Spot On: Dragon Quest VIII fever hits Japan A years-long phenomenon continues as crowds gather to buy the latest installment of Square Enix #39;s RPG series. TOKYO--When it comes to the popularity of video games in Japan, one of the franchises that can #39;t "
1,"Video game launch on way Video game buffs unite: The XBox game  quot;Halo 2, quot; a sequel to Microsoft #39;s best-selling game ever, will be released in a show of local fanfare just after midnight Tuesday morning."
3,Seiko Epson unveil updated micro flying robot Seiko Epson have unveiled their latest wireless flying micro-robot named the FR-II. The successor to the FR robot the latest micromechatronic contraption has a number of improvements. It is 2.3g heavier than the original FR at 12.3g but does away with the ...
1,"NASA to Track Odd Explosions NASA plans to launch a new space telescope later this month capable of spinning around at a moment #39;s notice to catch sight of the elusive, brief and powerful explosions that send blasts of light and radiation screaming through our universe every day."
1,"Yahoo to Close PayDirect Online Payments Service Yahoo Inc. in November will close PayDirect, its online payments service that aimed to compete with eBay Inc. #39;s PayPal, the company said on Friday."
1,IBM  #39;Blue Gene #39; Supercomputer Goes on Sale IBM #39;s record-trouncing Blue Gene supercomputer will now be available with commercial configurations ranging from one-to-64 racks.
1,"McAfee CFO Richards to Retire in December Internet security company McAfee Inc. Monday said Stephen Richards, its chief operating officer and chief financial officer, will retire at the end of the year to spend time with his family."
3,"Titan clouds seen to come and go Scientists now have their first direct evidence of changing weather patterns on Titan, Saturn's largest moon."
3,GTA: San Andreas - an in-depth look There #39;s no use in arguing about it -- the Grand Theft Auto series for the PlayStation 2 is currently the driving force behind the video game industry.
3,"HP unveils cheaper, faster, smaller mono printers Hewlett Packard has introduced a new range of smaller, quicker and cheaper mono printers targeted at the home, SME and enterprise markets."
1,"Oracle surpasses earnings expectations (USATODAY.com) USATODAY.com - Oracle (ORCL) on Tuesday posted a 16 jump in quarterly earnings, surpassing analyst estimates, despite listless sales in an area it hopes to buttress by buying rival PeopleSoft (PSFT)."
3,"Browser promises to fend off phishers Update to free browser will warn people if a Web site looks like a phishing scam, its maker says."
3,Winny user #39;s 3-year sentence p2pnet.net News:- A man accused of using Japan #39;s Winny p2p file sharing application to release movies online has received a suspended sentence in Japan.
2,"MCI offers disk-based backup services MCI on Wednesday introduced a new fully managed data protection service based on disk backup designed to help companies with business continuity.&lt;p&gt;ADVERTISEMENT&lt;/p&gt;&lt;p&gt;&lt;img src=""http://ad.doubleclick.net/ad/idg.us.ifw.general/solaris;sz=1x1;ord=200301151450?"" width=""1"" height=""1"" border=""0""/&gt;&lt;a href=""http://ad.doubleclick.net/clk;12204780;10550054;n?http://ad.doubleclick.net/clk;12165994;10522295;g?http://www.sun.com/solaris10""&gt;Solaris 10(TM) OS: Position your business ten moves ahead.&lt;/a&gt;&lt;br/&gt;Solaris 10 OS has arrived and provides even more\reasons for the world's most demanding businesses\to operate on this, the leading UNIX platform.\Like the fact you can run Linux and Solaris applications\side-by-side and run the same OS on SPARC(R),\AMD Opteron(TM), and Intel processor-based systems.\Discover more reasons and how Solaris 10 OS can move\your business ahead today.&lt;/p&gt;"
3,"UK gives open source the go-ahead This week, UK government agencies got the go-ahead to use Linux and other open source products in a report published by the UK Office of Government Commerce (OGC)."
3,"NRC Closes Web Library For Security Review The Nuclear Regulatory Commission has closed public access to its online document library to protect sensitive documents that might be useful to terrorists, the agency said Tuesday."
1,"VA Software adding Wiki support to collaborative tool (InfoWorld) InfoWorld - VA Software in March 2005 plans to add Wiki integration to its SourceForge Enterprise Edition environment for collaborative application development, with the goal of providing more structure to Wikis."
1,"Integration Plays Key Role in Oracle #39;s Upcoming 11i.10 Integration is a key factor with any large ERP implementation and ongoing maintenance, and Oracle Corp. is catching on. At its London-based OpenWorld event this week Oracle announced better integration between "
1,"Geek Trip Begins at Headwaters The true beginnings of the Mississippi River in northern Minnesota -- a spot that was a source of much debate in the 19th century -- mark the first stop in a 2,500-mile odyssey along the length of the mighty waterway. By Michelle Delio."
3,"NASA: Jeanne Caused Little Damage, but Shuttle Work More Behind NASA says Hurricane Jeanne caused minimal damage to the Kennedy Space Center. But the storm put space shuttle workers even further behind in their effort to resume."
